Category,Width,Height,Distance_to_edges_hor,Distance_to_edges_vert,Distance_to_next
Doors,"[0.762, 1.0570769230769228, 2.1]","[2.0, 2.063179487179487, 2.134]","[0.065, 2.88425641025641, 10.938]","[0.0, 1.5857692307692306, 3.575]","[0.0, 0.0, 0.0]"
