Family,Width,Height,Distance_to_edges_hor,Distance_to_edges_vert,Distance_to_next
M_Door-Exterior-Double-Two_Lite,"[1.8, 2.0250000000000004, 2.1, 2.1]","[2.0, 2.0, 2.0, 2.0]","[10.557, 2.905, 0.065, 2.681]","[3.575, 1.982, 0.7, 2.1]","[0.0, 0.0, 0.0, 0.0]"
M_Door-Passage-Single-Flush,"[0.9, 0.9, 0.9, 0.9]","[2.1, 2.1, 2.1, 2.1]","[10.938, 3.593, 0.1, 0.1]","[3.575, 2.031, 0.6, 2.2]","[0.0, 2.183666666666667, 4.194, 0.0]"
M_Door-Passage-Single-Two_Lite,"[1.05, 1.05, 1.05, 1.05]","[2.0, 2.0, 2.0, 2.0]","[10.19, 4.69, 0.306, 2.537]","[3.575, 2.021, 0.7, 2.1]","[0.0, 2.7504, 3.438, 0.0]"
M_Door-Passage-Uneven-Flush,"[1.35, 1.35, 1.35, 1.35]","[2.0, 2.0, 2.0, 2.0]","[7.492, 3.27, 0.546, 0.546]","[3.575, 2.086, 0.7, 2.1]","[0.0, 1.1785, 2.357, 0.0]"
M_Single-Flush,"[0.762, 0.8538, 0.915, 0.915]","[2.032, 2.0931999999999995, 2.134, 2.134]","[10.431, 2.759, 0.109, 0.2]","[3.575, 2.045, 0.666, 2.134]","[0.0, 0.4801, 3.301, 0.0]"
