Family,Width,Height,Distance_to_edges_hor,Distance_to_edges_vert,Distance_to_next
M_Double-Flush,"[1.73, 1.73, 1.73]","[2.134, 2.134, 2.134]","[0.03, 1.8365, 4.309]","[0.0, 1.1385, 2.732]","[0.0, 0.0, 0.0]"
Pocket_Slider_Door_5851,"[0.945, 0.945, 0.945]","[2.027, 2.027, 2.027]","[0.545, 3.3396666666666674, 5.589]","[0.0, 0.6699999999999999, 2.01]","[0.0, 0.0, 0.0]"
Single-Flush,"[0.8, 0.8000000000000002, 0.8]","[2.1, 2.1000000000000005, 2.1]","[0.052, 1.9623571428571431, 8.679]","[0.0, 1.1163571428571426, 2.732]","[0.0, 0.0, 0.0]"
