Family,Width,Height,Distance_to_edges_hor,Distance_to_edges_vert,Distance_to_next
M_Door-Exterior-Double-Two_Lite,"[1.8, 2.0250000000000004, 2.1]","[2.0, 2.0, 2.0]","[0.065, 2.6174999999999997, 10.557]","[0.0, 1.5125000000000002, 3.575]","[0.0, 0.0, 0.0]"
M_Door-Passage-Single-Flush,"[0.9, 0.9, 0.9]","[2.1, 2.1, 2.1]","[0.1, 3.2070000000000003, 10.938]","[0.0, 1.5915, 3.575]","[0.0, 0.0, 0.0]"
M_Door-Passage-Single-Two_Lite,"[1.05, 1.05, 1.05]","[2.0, 2.0, 2.0]","[0.306, 4.731, 10.19]","[0.0, 1.5650000000000002, 3.575]","[0.0, 0.0, 0.0]"
M_Door-Passage-Uneven-Flush,"[1.35, 1.35, 1.35]","[2.0, 2.0, 2.0]","[0.546, 2.666, 7.492]","[0.0, 1.60325, 3.575]","[0.0, 0.0, 0.0]"
M_Single-Flush,"[0.762, 0.8538, 0.915]","[2.032, 2.0931999999999995, 2.134]","[0.109, 2.42275, 10.431]","[0.0, 1.6003999999999998, 3.575]","[0.0, 0.0, 0.0]"
