Category,Width,Height,Distance_to_edges_hor,Distance_to_edges_vert,Distance_to_next
Doors,"[0.8, 0.9207894736842106, 1.73]","[2.027, 2.092052631578948, 2.134]","[0.03, 2.1665789473684214, 8.679]","[0.0, 1.0482105263157895, 2.732]","[0.0, 0.0, 0.0]"
