Room_name,Distance_to_nearest
Administration,"[0.0, 1.5443333333333333, 3.1915]"
Kitchen,"[0.002142857142857143, 2.2977142857142856, 4.7504285714285714]"
Meeting room,"[0.0, 1.585666666666667, 3.3116666666666665]"
Office,"[0.0, 2.1472500000000005, 3.986692307692307]"
WC Men,"[0.0, 1.561, 3.476]"
WC Men Entr.,"[0.0, 1.3599999999999999, 3.1915]"
WC Women,"[0.0, 1.3536666666666666, 2.996]"
WC Women Entr.,"[0.0, 1.3599999999999999, 3.1915]"
