Room_name,Distance_to_nearest
Administration,"[0.0, 1.6123333333333332, 3.1915]"
Kitchen,"[0.002142857142857143, 2.3512857142857144, 4.7504285714285714]"
Meeting room,"[0.0, 1.6766666666666672, 3.3116666666666665]"
Office,"[0.0, 2.1805, 3.986692307692307]"
WC Men,"[0.0, 1.704, 3.476]"
WC Men Entr.,"[0.0, 1.4385, 3.1915]"
WC Women,"[0.0, 1.4013333333333333, 2.996]"
WC Women Entr.,"[0.0, 1.4385, 3.1915]"
