Category,Distance_to_nearest
Furniture,"[0.00015625, 1.905375, 3.748385416666667]"
