Room_name,Distance_to_nearest
Bath,"[0.252625, 0.9677499999999999, 1.7872499999999998]"
Kitchen & Dining,"[1.9377179487179486, 5.3408974358974355, 9.523205128205129]"
Laundry,"[0.302, 1.283, 1.874]"
Living,"[1.7022173913043483, 4.855173913043478, 7.677347826086957]"
Master Bath,"[0.17525000000000002, 1.15225, 2.52475]"
