Category,Distance_to_nearest
Furniture,"[1.5699466666666668, 4.447973333333334, 7.656733333333333]"
