Category,Distance_to_nearest
Furniture,"[0.00015625, 1.9582604166666666, 3.748385416666667]"
