,ElementId,Door_width,Door_height,Distance_to_edges
0,431064,2.6246719160104988,6.889763779527559,"[3.2, 2.4, 2.82, 2.02, 0.12, 0.92]"
1,431198,2.6246719160104988,6.889763779527559,"[3.74, 2.94, 1.94, 1.14, 0.76, 1.56]"
2,940221,3.1003937007874014,6.650262467191601,"[0.66, 0.13, 1.04, 0.13, 4.1, 3.19]"
