,ElementId,Door_width,Door_height
0,422466,2.6246719160104988,6.889763779527559
1,425292,2.6246719160104988,6.889763779527559
