,ElementId,Nearest_elem_id_0,Distance_to_nearest_0,Nearest_elem_id_1,Distance_to_nearest_1,Nearest_elem_id_2,Distance_to_nearest_2,Nearest_elem_id_3,Distance_to_nearest_3,Nearest_elem_id_4,Distance_to_nearest_4,Nearest_elem_id_5,Distance_to_nearest_5
0,935747,176804,0.49212598425175874,422243,4.586614173228342,906885,2.4114046335539285,424922,1.8572834645663288,845266,3.144567784692388,418183,8.858267716535643
1,936823,176804,2.9527559055118053,422243,1.2139107611548168,906885,1.066601049868666,424922,5.229986876639854,845266,4.489371368377654,418183,6.397637795275596
