,Room_Id,Room_uniqueId,ElementId,Element_uniqueId,Window_width,Window_height,Nearest_elementIds,Distance_to_edges
0,857191,e6ac360b-aaed-4c3b-a130-36b4c2ac9d13-000d1467,457479,6cbabf1d-e8d0-47f0-ac4d-9a7923128d37-0006fb07,1.499999999999998,2.6999999999999935,"[418183, 418183, 428797, 428797, 430859, 430859, 429964, 429964]","[2.94, 1.44, 0.5, 2.0, 2.94, 4.44]"
1,857191,e6ac360b-aaed-4c3b-a130-36b4c2ac9d13-000d1467,485432,0e567bfb-4f86-412b-af6a-7a1cdb731324-00076838,1.499999999999998,2.6999999999999935,"[418183, 418183, 428797, 428797, 430859, 430859, 429964, 429964]","[2.94, 1.44, 0.5, 2.0, 2.94, 4.44]"
2,857194,e6ac360b-aaed-4c3b-a130-36b4c2ac9d13-000d146a,706288,95f3421a-5ae4-44aa-8d80-6871d132d631-000ac6f0,1.499999999999998,2.6999999999999935,"[418183, 418183, 429964, 429964, 506797, 506797, 430859, 430859]","[0.44, 1.94, 0.69, 0.69, 1.88, 0.38]"
3,857197,e6ac360b-aaed-4c3b-a130-36b4c2ac9d13-000d146d,457534,6cbabf1d-e8d0-47f0-ac4d-9a7923128d37-0006fb3e,1.499999999999998,2.6999999999999935,"[418183, 418183, 937935, 937935, 430318, 430318, 429964, 429964]","[0.38, 1.88, -0.0, 1.5, 2.94, 1.44]"
4,857206,e6ac360b-aaed-4c3b-a130-36b4c2ac9d13-000d1476,457542,6cbabf1d-e8d0-47f0-ac4d-9a7923128d37-0006fb46,1.499999999999998,2.6999999999999935,"[418183, 418183, 234869, 234869, 938974, 938974, 430412, 430412]","[-0.0, 1.5, 3.22, 1.72, 2.84, 1.34]"
5,857209,e6ac360b-aaed-4c3b-a130-36b4c2ac9d13-000d1479,498006,6dd03812-90e2-4279-9751-5fbc3584962d-00079956,1.499999999999998,2.6999999999999935,"[418183, 418183, 234869, 234869, 429964, 429964]","[4.34, 5.84, 4.44, 2.94]"
6,857209,e6ac360b-aaed-4c3b-a130-36b4c2ac9d13-000d1479,554383,26038d85-c9ba-4b4e-a9e7-45840812e60d-0008758f,1.499999999999998,2.6999999999999935,"[418183, 418183, 234869, 234869, 429964, 429964]","[2.84, 4.34, 5.94, 4.44]"
