,ElementId,Type,Bounded_elemId,Normal_to_center_room
0,176804,Generic 150mm,857346,"(0.000000000, 0.000000000, -1.000000000)"
1,422243,Wall - Timber Clad,857346,"(0.000000000, 1.000000000, 0.000000000)"
2,906885,Interior - 165 Partition (1-hr),857346,"(-1.000000000, 0.000000000, 0.000000000)"
3,424922,Interior - 165 Partition (1-hr),857346,"(0.000000000, -1.000000000, 0.000000000)"
4,845266,Wall - Timber Clad,857346,"(1.000000000, 0.000000000, 0.000000000)"
5,418183,Generic 300,857346,"(0.000000000, 0.000000000, 1.000000000)"
