,ElementId,Parallel_floor_id,Distance_to_parall
0,176804.0,418183.0,9.350393700787402
1,418183.0,176804.0,9.350393700787402
