,ElementId,Parallel_floor_id,Distance_to_parall
0,176804.0,418183.0,9.350393700787402
1,176804.0,697612.0,9.514435695538058
2,418183.0,176804.0,9.350393700787402
3,418183.0,697612.0,9.350393700787402
4,697612.0,176804.0,9.514435695538058
5,697612.0,418183.0,9.514435695538058
