,ElementId,Type,Bounded_elemId,Normal_to_center_room
0,418183,Generic 300,857197,"(0.000000000, 0.000000000, -1.000000000)"
1,428745,SIP 202mm Wall - conc clad,857197,"(0.000000000, -1.000000000, 0.000000000)"
2,937935,Interior - Partition,857197,"(1.000000000, 0.000000000, 0.000000000)"
3,430361,Interior - Partition,857197,"(0.000000000, 1.000000000, 0.000000000)"
4,430318,Interior - Partition,857197,"(1.000000000, 0.000000000, 0.000000000)"
5,430064,Interior - Partition,857197,"(0.000000000, 1.000000000, 0.000000000)"
6,429964,Interior - Partition,857197,"(-1.000000000, 0.000000000, 0.000000000)"
7,243274,SG Metal Panels roof,857197,"(0.000000000, -0.693290273, 0.720658447)"
