Category,Width,Height,Distance_to_parall_walls,Angles_to_walls
Walls,"[0.0249999999999999, 0.15179178082191777, 0.28]","[0.5499999999998528, 3.0088005512179095, 3.90000000000023]","[0.0, 3.3476438356164384, 12.486]","[0, 63.88654794520548, 90]"
