,Width,Height,Distance_to_parall_mi,Distance_to_parall_mean,Distance_to_parall_ma,Angles_to_walls_mi,Angles_to_walls_mean,Angles_to_walls_ma
0,0.1278823529411765,3.1971764705882353,3.9812,4.131843137254902,3.9812,1.2705882352941176,70.37983193277311,90.0
1,0.1,3.099999999999999,-0.1,0.0,-0.1,0.0,50.0,90.0
2,0.25,3.2000000000000006,30.46,30.46,30.46,90.0,90.0,90.0
