Family,Width,Height,Distance_to_parall_walls,Angles_to_walls
Basic Wall,"[0.12, 0.16314626865671636, 0.28]","[0.5499999999998528, 3.0319767199836885, 3.90000000000023]","[0.0, 3.080634328358209, 12.486]","[0, 64.26017910447763, 90]"
Curtain Wall,"[0.0249999999999999, 0.0249999999999999, 0.0249999999999999]","[2.699999999999963, 2.750000000000046, 3.0000000000000004]","[0.0, 6.329250000000001, 12.486]","[0, 59.714333333333336, 90]"
