Room_name,Width,Height,Distance_to_edges_hor,Distance_to_edges_vert,Distance_to_next
Administration,"[1.35, 1.35, 1.35, 1.35]","[1.8, 1.8, 1.8, 1.8]","[0.465, 1.365, 2.265, 2.265]","[0.55, 1.53, 2.675, 2.25]","[0.0, 0.0, 0.0, 0.0]"
Corridor,"[0.915, 1.01, 1.2, 0.915]","[1.83, 1.83, 1.83, 1.83]","[0.2, 3.576, 10.215, 5.697]","[0.305, 1.601, 3.27, 0.305]","[0.0, 0.991, 1.486, 1.486]"
Kitchen,"[0.915, 1.1525, 1.2, 1.2]","[1.83, 1.83, 1.83, 1.83]","[0.193, 2.5, 5.821, 2.565]","[0.305, 1.718, 3.27, 3.27]","[0.2, 0.709, 1.687, 0.2]"
Meeting room,"[1.35, 1.3500000000000003, 1.35, 1.35]","[1.8, 1.8, 1.8, 1.8]","[0.415, 1.337, 2.281, 2.215]","[0.55, 1.556, 2.675, 2.25]","[0.0, 0.0, 0.0, 0.0]"
Office,"[0.915, 0.9149999999999997, 0.915, 0.915]","[1.83, 1.8299999999999994, 1.83, 1.83]","[0.361, 2.065, 3.745, 0.6]","[0.305, 1.601, 3.27, 0.305]","[0.2, 0.2, 0.2, 0.2]"
Service room,"[1.35, 1.35, 1.35, 1.35]","[1.8, 1.8, 1.8, 1.8]","[0.481, 1.381, 2.281, 2.281]","[0.6, 1.425, 2.25, 0.6]","[0.0, 0.0, 0.0, 0.0]"
Vest.,"[0.915, 1.0575, 1.2, 0.915]","[1.83, 1.83, 1.83, 1.83]","[0.193, 1.4, 2.608, 2.565]","[0.305, 1.425, 2.545, 2.545]","[1.687, 1.687, 1.687, 1.687]"
