Room_name,Width,Height,Distance_to_edges_hor,Distance_to_edges_vert,Distance_to_next
Administration,"[1.35, 1.35, 1.35, 1.35]","[1.8, 1.8, 1.8, 1.8]","[2.265, 1.365, 0.465, 2.265]","[2.675, 1.53, 0.55, 2.25]","[0.0, 0.0, 0.0, 0.0]"
Corridor,"[0.915, 1.01, 1.2, 0.915]","[1.83, 1.83, 1.83, 1.83]","[10.215, 3.576, 0.2, 5.697]","[3.27, 1.601, 0.305, 0.305]","[0.0, 0.9906666666666667, 1.486, 1.486]"
Kitchen,"[0.915, 1.1525, 1.2, 1.2]","[1.83, 1.83, 1.83, 1.83]","[5.821, 2.5, 0.193, 2.565]","[3.27, 1.718, 0.305, 3.27]","[0.2, 0.7088333333333335, 1.687, 0.2]"
Meeting room,"[1.35, 1.3500000000000003, 1.35, 1.35]","[1.8, 1.8, 1.8, 1.8]","[2.281, 1.337, 0.415, 2.215]","[2.675, 1.556, 0.55, 2.25]","[0.0, 0.0, 0.0, 0.0]"
Office,"[0.915, 0.9149999999999997, 0.915, 0.915]","[1.83, 1.8299999999999994, 1.83, 1.83]","[3.745, 2.065, 0.361, 0.6]","[3.27, 1.601, 0.305, 0.305]","[0.2, 0.20000000000000004, 0.2, 0.2]"
Service room,"[1.35, 1.35, 1.35, 1.35]","[1.8, 1.8, 1.8, 1.8]","[2.281, 1.381, 0.481, 2.281]","[2.25, 1.425, 0.6, 0.6]","[0.0, 0.0, 0.0, 0.0]"
Vest.,"[0.915, 1.0575, 1.2, 0.915]","[1.83, 1.83, 1.83, 1.83]","[2.608, 1.4, 0.193, 2.565]","[2.545, 1.425, 0.305, 2.545]","[1.687, 1.687, 1.687, 1.687]"
