Family,,Window_width,Window_height,Distance_to_edges_mi,Distance_to_edges_mean,Distance_to_edges_ma,Distance_to_next_win_min
WIN_WoodWndwUnits_SpringSashWindow,mean,1.0534313725490188,2.499999999999997,0.6271111111111112,2.499516339869281,5.042156862745098,1.3412941176470585
WIN_WoodWndwUnits_SpringSashWindow,min,0.6249999999999998,2.499999999999997,0.0,1.3095,2.53,0.0
WIN_WoodWndwUnits_SpringSashWindow,max,1.099999999999999,2.499999999999997,0.708,3.827,12.0,1.741
