Room_name,Width,Height,Distance_to_edges_hor,Distance_to_edges_vert,Distance_to_next
Administration,"[1.35, 1.35, 1.35]","[1.8, 1.8, 1.8]","[0.465, 1.365, 2.265]","[0.55, 1.5125000000000002, 2.675]","[0.2, 0.665, 1.687]"
Corridor,"[0.915, 1.01, 1.2]","[1.83, 1.83, 1.83]","[0.2, 3.6925000000000003, 10.215]","[0.305, 1.5715000000000001, 3.27]","[0.2, 0.665, 1.687]"
Kitchen,"[0.915, 1.1525, 1.2]","[1.83, 1.83, 1.83]","[0.193, 2.500166666666667, 5.821]","[0.305, 1.718, 3.27]","[0.2, 0.665, 1.687]"
Meeting room,"[1.35, 1.3500000000000003, 1.35]","[1.8, 1.8, 1.8]","[0.415, 1.3369999999999997, 2.281]","[0.55, 1.5416666666666667, 2.675]","[0.2, 0.665, 1.687]"
Office,"[0.915, 0.9149999999999997, 0.915]","[1.83, 1.8299999999999994, 1.83]","[0.361, 2.0655, 3.745]","[0.305, 1.5715000000000001, 3.27]","[0.2, 0.665, 1.687]"
Service room,"[1.35, 1.35, 1.35]","[1.8, 1.8, 1.8]","[0.481, 1.381, 2.281]","[0.6, 1.425, 2.25]","[0.2, 0.665, 1.687]"
Vest.,"[0.915, 1.0575, 1.2]","[1.83, 1.83, 1.83]","[0.193, 1.4005, 2.608]","[0.305, 1.425, 2.545]","[0.2, 0.665, 1.687]"
