Family,Width,Height,Distance_to_edges_hor,Distance_to_edges_vert,Distance_to_next
M_Fixed,"[0.915, 1.0026923076923078, 1.2, 0.915]","[1.83, 1.8299999999999998, 1.83, 1.83]","[10.215, 2.595, 0.193, 0.6]","[3.27, 1.622, 0.305, 0.305]","[0.0, 0.6142692307692307, 1.687, 0.2]"
M_Window-Casement-Triple-Side-Transom,"[1.35, 1.3499999999999999, 1.35, 1.35]","[1.8, 1.8, 1.8, 1.8]","[2.281, 1.354, 0.415, 2.265]","[2.675, 1.53, 0.55, 2.25]","[0.0, 0.0, 0.0, 0.0]"
