Family,Width,Height,Distance_to_edges_hor,Distance_to_edges_vert,Distance_to_next
M_Fixed,"[0.915, 1.0026923076923078, 1.2]","[1.83, 1.8299999999999998, 1.83]","[0.193, 2.4901153846153843, 10.215]","[0.305, 1.5940384615384617, 3.27]","[0.0, 0.0, 0.0]"
M_Window-Casement-Triple-Side-Transom,"[1.35, 1.3499999999999999, 1.35]","[1.8, 1.8, 1.8]","[0.415, 1.3536666666666666, 2.281]","[0.55, 1.5125, 2.675]","[0.0, 0.0, 0.0]"
