Room_name,Width,Height,Distance_to_edges_hor,Distance_to_edges_vert,Distance_to_next
Breakout space,[1.1 2.5],[1.1 2.5],"[0.05, 4.5938888888888885, 11.38]","[0.71, 1.62, 2.53]","[1.741, 0.0, 0.0]"
Confidential meetings room,[0.625 2.5  ],[0.91 2.5 ],"[0.63, 2.042, 4.47]","[0.71, 1.6200000000000006, 2.53]","[0.0, 0.0, 0.0]"
Enclosed office,[0.625 2.5  ],[1.04364407 2.5       ],"[0.05, 2.3055084745762713, 5.13]","[0.71, 1.6200000000000008, 2.53]","[0.0, 0.0, 0.0]"
Meeting room,[0.625 2.5  ],[1.08173077 2.5       ],"[0.0, 4.759711538461539, 12.0]","[0.71, 1.6200000000000008, 2.53]","[1.602, 0.0, 0.0]"
Open office,[1.1 2.5],[1.1 2.5],"[0.63, 2.255, 3.88]","[0.71, 1.62, 2.53]","[1.741, 0.0, 0.0]"
